Date,Total Q cms,SP,w_est,unit_SP
2017-02-17,142.3,6910.01685,159.914322433664,43.2107440086639
2017-01-22,41.342528,2007.572488416,92.8307585211088,21.6261562481954
2017-02-18,34.829664,1691.311069008,86.0864683677727,19.6466541266683
2017-01-23,31.714816,1540.055607552,82.6099905576404,18.6424861830415
2017-01-20,27.7221472,1346.1736069584,77.8611881929866,17.2894048780989
2017-02-19,21.4075008,1039.5375350976,69.4906273710256,14.9593919989711
2017-02-20,19.0855232,926.7834638304,66.067366683731,14.0278553596207
2017-02-21,16.5086944,801.6539457168,61.9827451315217,12.9335017998277
2016-01-06,16.0839424,781.0282009728,61.2759298435301,12.7460848487682
2016-12-24,16.0556256,779.6531513232,61.2284391531286,12.733513414793
2017-02-22,13.6770144,664.1489807568,57.0575842339342,11.6399772207988
2016-01-05,9.8542464,478.5172780608,49.3936943390227,9.6878211776671
2017-01-21,8.8348416,429.0154906752,47.076553880997,9.11314561723638
2018-03-22,8.1552384,396.0142990848,45.4474308124366,8.71367846334741
2016-01-07,7.8720704,382.2638025888,44.7462199163797,8.54292951009409
2018-01-09,7.6738528,372.6384550416,44.2469287016955,8.42179256223317
2015-09-15,7.0508832,342.3873627504,42.628922482992,8.0318089880645
2017-02-23,6.9942496,339.6372634512,42.4779258019156,7.99561788951296
2017-02-06,6.6827648,324.5117173056,41.6349381516793,7.79421638921087
2017-02-11,6.0314784,292.8855753648,39.798221799943,7.35926285443285
2016-01-31,6.0031616,291.5105257152,39.7159011736516,7.33989452840603
2017-02-24,6.0031616,291.5105257152,39.7159011736516,7.33989452840603
2017-01-09,5.9748448,290.1354760656,39.6333628081623,7.32048596204025
2017-01-24,5.6067264,272.2598306208,38.5397884354865,7.06438311348149
2017-02-25,5.521776,268.134681672,38.2817578261877,7.00424162572219
2017-02-26,5.2952416,257.1342844752,37.582611052051,6.84184193905728
2017-01-12,5.097024,247.508936928,36.9569859463823,6.6972165232059
2016-03-06,4.8988064,237.8835893808,36.3175821793634,6.55009433739154
2017-02-27,4.8988064,237.8835893808,36.3175821793634,6.55009433739154
2017-02-28,4.6439552,225.5081425344,35.4738181765632,6.3570304558698
2017-01-19,4.6156384,224.1330928848,35.3784815091919,6.33529431800419
2017-06-15,4.4740544,217.2578446368,34.8968125648908,6.22572173985254
2017-06-16,4.4740544,217.2578446368,34.8968125648908,6.22572173985254
2017-06-17,4.4457376,215.8827949872,34.7994587792817,6.20362507234534
2017-06-14,4.4174208,214.5077453376,34.7017571214499,6.18146639050183
2017-03-01,4.389104,213.132695688,34.6037041063742,6.15924512106609
2017-06-18,4.389104,213.132695688,34.6037041063742,6.15924512106609
2017-06-13,4.3607872,211.7576460384,34.5052961913692,6.13696068174506
2018-03-23,4.2192032,204.8823977904,34.0078049152406,6.02456989802896
2017-02-12,4.1625696,202.1322984912,33.8061932573316,5.97914994310586
2018-03-21,4.105936,199.382199192,33.6030395828144,5.93345726063335
2017-03-02,4.0776192,198.0071495424,33.5008741258712,5.91050695568234
2017-06-11,3.9926688,193.8820005936,33.1919717444116,5.84123179202945
2017-06-12,3.9926688,193.8820005936,33.1919717444116,5.84123179202945
2017-06-10,3.9077184,189.7568516448,32.8793664501935,5.77130498947564
2017-07-09,3.822768,185.631702696,32.5629318788478,5.7007060478047
2017-07-10,3.822768,185.631702696,32.5629318788478,5.7007060478047
2017-07-11,3.822768,185.631702696,32.5629318788478,5.7007060478047
2017-03-03,3.7944512,184.2566530464,32.4565798660557,5.67702000046846
2017-07-12,3.7944512,184.2566530464,32.4565798660557,5.67702000046846
2017-07-02,3.7661344,182.8816033968,32.3497824617785,5.65325604933746
2017-07-03,3.7661344,182.8816033968,32.3497824617785,5.65325604933746
2017-07-04,3.7661344,182.8816033968,32.3497824617785,5.65325604933746
2017-07-07,3.7661344,182.8816033968,32.3497824617785,5.65325604933746
2017-07-08,3.7661344,182.8816033968,32.3497824617785,5.65325604933746
2017-07-13,3.7661344,182.8816033968,32.3497824617785,5.65325604933746
2017-07-14,3.7661344,182.8816033968,32.3497824617785,5.65325604933746
2017-07-16,3.7661344,182.8816033968,32.3497824617785,5.65325604933746
2017-07-05,3.7378176,181.5065537472,32.2425344307632,5.6294133495294
2017-07-17,3.7378176,181.5065537472,32.2425344307632,5.6294133495294
2017-06-09,3.7095008,180.1315040976,32.1348304360066,5.605491040518
2017-06-19,3.7095008,180.1315040976,32.1348304360066,5.605491040518
2017-06-30,3.7095008,180.1315040976,32.1348304360066,5.605491040518
2017-07-01,3.7095008,180.1315040976,32.1348304360066,5.605491040518
2017-07-06,3.7095008,180.1315040976,32.1348304360066,5.605491040518
2017-07-15,3.7095008,180.1315040976,32.1348304360066,5.605491040518
2017-06-29,3.681184,178.756454448,32.0266650359835,5.58148824572144
2017-01-13,3.6528672,177.3814047984,31.9180326817789,5.55740407207686
2017-07-18,3.5962336,174.6313054992,31.6993443602859,5.50898793092972
2017-06-08,3.5396,171.8812062,31.4787188168471,5.46023512583399
2017-06-28,3.5396,171.8812062,31.4787188168471,5.46023512583399
2017-03-04,3.5112832,170.5061565504,31.3676644853667,5.4357300534741
2017-06-20,3.5112832,170.5061565504,31.3676644853667,5.4357300534741
2017-06-25,3.4829664,169.1311069008,31.2561074769988,5.4111378720227
2017-06-21,3.4546496,167.7560572512,31.1440414016534,5.38645755981734
2017-06-23,3.4546496,167.7560572512,31.1440414016534,5.38645755981734
2017-06-24,3.4546496,167.7560572512,31.1440414016534,5.38645755981734
2017-06-26,3.4546496,167.7560572512,31.1440414016534,5.38645755981734
2017-06-01,3.4263328,166.3810076016,31.0314597348412,5.36168807472478
2017-06-07,3.4263328,166.3810076016,31.0314597348412,5.36168807472478
2017-06-22,3.4263328,166.3810076016,31.0314597348412,5.36168807472478
2017-06-05,3.398016,165.005957952,30.9183558137097,5.33682835355797
2017-06-27,3.398016,165.005957952,30.9183558137097,5.33682835355797
2017-06-06,3.3696992,163.6309083024,30.8047228329292,5.31187731147134
2017-06-04,3.3130656,160.8808090032,30.5758417329135,5.26169681307643
2017-01-25,3.2847488,159.5057593536,30.4605792513425,5.23646507301958
2017-05-31,3.2847488,159.5057593536,30.4605792513425,5.23646507301958
2015-07-20,3.256432,158.130709704,30.3447589760465,5.21113744316852
2017-03-05,3.2281152,156.7556600544,30.2283733217885,5.18571272048606
2017-07-19,3.114848,151.255461456,29.757019118981,5.08301792095564
2017-05-28,3.0582144,148.5053621568,29.5177394505404,5.0310547122226
2017-05-30,3.0582144,148.5053621568,29.5177394505404,5.0310547122226
2017-06-03,3.0582144,148.5053621568,29.5177394505404,5.0310547122226
2017-03-06,2.9449472,143.0051635584,29.0316227518805,4.92584120359365
2017-05-29,2.9449472,143.0051635584,29.0316227518805,4.92584120359365
2016-03-07,2.9166304,141.6301139088,28.9084643063055,4.89926107482326
2016-03-11,2.9166304,141.6301139088,28.9084643063055,4.89926107482326
2017-01-26,2.8883136,140.2550642592,28.7846344243025,4.87256715481453
2017-05-27,2.83168,137.50496496,28.5349188988751,4.81883146215708
2017-06-02,2.80619488,136.26742027536,28.4216345239908,4.79449625461676
2017-07-20,2.73540288,132.82979615136,28.1038991394032,4.72638317880686
2017-03-07,2.7325712,132.6922911864,28.0910944791367,4.7236426222179
2018-01-10,2.72124448,132.14227132656,28.0398013891747,4.71266787850988
2017-01-27,2.67027424,129.66718195728,27.8074898487082,4.66303081158201
2017-02-03,2.55134368,123.89197342896,27.2555876759416,4.54556235961548
2017-01-28,2.54284864,123.47945853408,27.215619889542,4.53708050873862
2017-01-29,2.54001696,123.34195356912,27.2022806816039,4.53425045542349
2017-03-08,2.5343536,123.0669436392,27.1755772602808,4.52858618091148
2017-05-26,2.52302688,122.51692377936,27.1220699881608,4.51724089764684
2017-01-30,2.47488832,120.17933937504,26.8931499198091,4.46877140585595
2017-01-31,2.45789824,119.35430958528,26.811759900264,4.45156565735562
2017-02-01,2.4494032,118.9417946904,26.7709467267376,4.44294316164793
2016-12-16,2.42674976,117.84175497072,26.6617225183027,4.41988528272411
2017-02-02,2.406928,116.879220216,26.5656820103944,4.39963183216107
2016-02-01,2.39843296,116.46670532112,26.5243862243366,4.39092932579378
2017-02-07,2.37011616,115.09165567152,26.3861388863259,4.36182255264199
2017-03-09,2.33330432,113.30409112704,26.2050272525695,4.32375398945368
2015-07-19,2.3219776,112.7540712672,26.1489790787444,4.31198751307481
2017-02-04,2.27667072,110.55399182784,25.9232413956006,4.26466698900556
2016-12-22,2.23985888,108.76642728336,25.7379702936205,4.22591315642007
2017-03-10,2.16340352,105.05379322944,25.3476510831603,4.14451788391677
2017-01-11,2.14358176,104.09125847472,25.2452008063691,4.12320976462422
2017-05-25,2.13508672,103.67874357984,25.2011311645691,4.11405118694056
2017-02-05,2.13225504,103.54123861488,25.1864194692121,4.11099476610596
2016-03-12,2.08694816,101.34115917552,24.949528185868,4.06184671792399
2015-10-16,2.05863136,99.96610952592,24.8000058531274,4.03089056179854
2017-02-13,1.9963344,96.9410002968,24.466951101991,3.96212016334603
2016-01-08,1.98500768,96.39098043696,24.4057731632685,3.94951554257792
2017-03-11,1.98500768,96.39098043696,24.4057731632685,3.94951554257792
2018-03-24,1.90572064,92.54084141808,23.9719449008313,3.86038103294951
2018-03-02,1.90288896,92.40333645312,23.9562657812525,3.85716777801958
2017-02-10,1.840592,89.378227224,23.6079631975219,3.78593555387201
2017-02-08,1.83776032,89.24072225904,23.5919755328955,3.78267271999359
2017-03-12,1.81510688,88.14068253936,23.4635745649168,3.75648997110396
2017-02-14,1.74431488,84.70305841536,23.0564349271129,3.67372747274795
2017-01-01,1.72166144,83.60301869568,22.9242015130465,3.64693263789799
2018-03-25,1.71599808,83.32800876576,22.890991135004,3.64020973466449
2017-03-13,1.67352288,81.26543429136,22.6399328361186,3.58947329391867
2017-02-15,1.62538432,78.92784988704,22.3510471754565,3.5312819693616
2017-02-09,1.60556256,77.96531513232,22.2307025843274,3.50710081413645
2018-03-26,1.60556256,77.96531513232,22.2307025843274,3.50710081413645
2017-01-07,1.5857408,77.0027803776,22.1095230712372,3.48278794298258
2017-02-16,1.58007744,76.72777044768,22.0747447267746,3.47581688474143
2017-01-10,1.57724576,76.59026548272,22.0573293753814,3.47232723324174
2017-03-14,1.56591904,76.04024562288,21.9874922972417,3.45834097835791
2017-05-24,1.56025568,75.76523569296,21.9524676605806,3.45133116077922
2015-09-16,1.55459232,75.49022576304,21.9173717578598,3.44431013887276
2016-12-25,1.52627552,74.11517611344,21.7408089294973,3.40903488705439
2017-03-15,1.50928544,73.29014632368,21.6339894965709,3.38773143692692
2017-03-16,1.5007904,72.8776314288,21.5803272010234,3.37704015096416
2018-03-27,1.49795872,72.74012646384,21.5624019834681,3.37347047511728
2017-03-17,1.47813696,71.77759170912,21.4363906983498,3.34839911807754
2016-01-09,1.46964192,71.36507681424,21.3820962421177,3.33760899802086
2017-01-14,1.46114688,70.95256191936,21.3276257490284,3.32679139976902
2017-03-18,1.45548352,70.67755198944,21.2912134999514,3.31956428832022
2018-03-03,1.44982016,70.40254205952,21.2547218222466,3.31232479297057
2016-12-23,1.43566176,69.71501723472,21.1631419358742,3.29417141584938
2018-03-28,1.43566176,69.71501723472,21.1631419358742,3.29417141584938
2017-03-19,1.42433504,69.16499737488,21.0895132362393,3.27959192799338
2016-01-21,1.40734496,68.33996758512,20.9784527313647,3.25762669250366
2018-03-29,1.4016816,68.0649576552,20.9412658436109,3.25027905015429
2017-01-15,1.39601824,67.78994772528,20.9039947202739,3.24291833366822
2016-01-19,1.39318656,67.65244276032,20.8853274036965,3.23923304876447
2016-01-20,1.39035488,67.51493779536,20.8666388276516,3.23554446660053
2017-03-21,1.39035488,67.51493779536,20.8666388276516,3.23554446660053
2018-03-11,1.3875232,67.3774328304,20.8479289245552,3.2318525775019
2016-03-13,1.37619648,66.82741297056,20.7728746775552,3.2170517565759
2017-03-20,1.3733648,66.6899080056,20.7540571129856,3.21334318598712
2017-01-16,1.37053312,66.55240304064,20.7352178083505,3.20963124939241
2018-03-30,1.36486976,66.27739311072,20.6974736980643,3.20219723805802
2017-04-23,1.3592064,66.0023831808,20.6596417813225,3.19474964180985
2018-04-01,1.3592064,66.0023831808,20.6596417813225,3.19474964180985
2017-03-22,1.35637472,65.86487821584,20.640692717203,3.1910207238803
2016-12-30,1.345048,65.314858356,20.5646740712338,3.17607067973732
2018-03-31,1.345048,65.314858356,20.5646740712338,3.17607067973732
2017-03-23,1.33938464,65.03984842608,20.5265302915913,3.16857488831046
2016-12-31,1.32239456,64.21481863632,20.4115539871996,3.14600341926881
2017-01-08,1.31956288,64.07731367136,20.3923110009844,3.14222913078693
2018-03-15,1.30823616,63.52729381152,20.3151068918312,3.1270962121821
2015-12-20,1.30540448,63.38978884656,20.2957474318742,3.12330398569147
2016-01-10,1.30540448,63.38978884656,20.2957474318742,3.12330398569147
2016-03-08,1.3025728,63.2522838816,20.2763644406896,3.11950813799087
2018-04-02,1.29124608,62.70226402176,20.1985955599657,3.10428830735331
2016-03-29,1.2884144,62.5647590568,20.1790937059249,3.10047418226866
2017-01-17,1.28558272,62.42725409184,20.1595678348006,3.09665636701172
2018-01-08,1.27991936,62.15224416192,20.1204437105284,3.08900961907703
2017-03-24,1.274256,61.877234232,20.0812225209096,3.08134796910746
2018-04-03,1.26859264,61.60222430208,20.0419035921155,3.07367132163606
2016-11-21,1.26576096,61.46471933712,20.022207262851,3.06982734371954
2017-01-18,1.26576096,61.46471933712,20.022207262851,3.06982734371954
2016-03-14,1.25443424,60.91469947728,19.9431741693242,3.05441345294856
2017-03-26,1.25443424,60.91469947728,19.9431741693242,3.05441345294856
2016-05-07,1.25160256,60.77719451232,19.923353515989,3.05055042383025
2017-03-25,1.25160256,60.77719451232,19.923353515989,3.05055042383025
2017-04-25,1.25160256,60.77719451232,19.923353515989,3.05055042383025
2016-01-11,1.24877088,60.63968954736,19.9035077345715,3.04668354724387
2016-01-22,1.2459392,60.5021845824,19.8836367361266,3.04281281061997
2016-01-17,1.2317808,59.8146597576,19.7839003389301,3.02340078209446
2016-03-28,1.2317808,59.8146597576,19.7839003389301,3.02340078209446
2017-03-27,1.22045408,59.26463989776,19.7036480482614,3.00780037039839
2016-12-17,1.21195904,58.85212500288,19.6431847309717,2.99605821606346
2018-04-04,1.21195904,58.85212500288,19.6431847309717,2.99605821606346
2017-04-27,1.19780064,58.16460017808,19.5418827938369,2.97640717589524
2016-01-18,1.19496896,58.02709521312,19.5215420679083,2.97246472698033
2018-04-08,1.19496896,58.02709521312,19.5215420679083,2.97246472698033
2016-02-02,1.18647392,57.61458031824,19.4603574266056,2.96061264730272
2017-04-21,1.18647392,57.61458031824,19.4603574266056,2.96061264730272
2017-05-07,1.18647392,57.61458031824,19.4603574266056,2.96061264730272
2018-04-09,1.18647392,57.61458031824,19.4603574266056,2.96061264730272
2017-04-16,1.18364224,57.47707535328,19.4399080557818,2.95665366257662
2017-01-05,1.17797888,57.20206542336,19.398926967468,2.9487231700644
2017-04-20,1.17797888,57.20206542336,19.398926967468,2.9487231700644
2018-04-07,1.16948384,56.78955052848,19.3372479194053,2.93679590628253
2017-04-24,1.16665216,56.65204556352,19.3166325083688,2.932811686456
2018-04-05,1.16665216,56.65204556352,19.3166325083688,2.932811686456
2017-03-28,1.16382048,56.51454059856,19.2959890572981,2.92882320935942
2017-04-19,1.15532544,56.10202570368,19.2338893955261,2.91683208476438
2016-01-12,1.15249376,55.96452073872,19.2131327126139,2.91282642845525
2017-03-29,1.15249376,55.96452073872,19.2131327126139,2.91282642845525
2017-04-22,1.1468304,55.6895108088,19.1715334991293,2.90480210210254
2018-04-06,1.1468304,55.6895108088,19.1715334991293,2.90480210210254
2018-02-10,1.14399872,55.55200584384,19.150690748086,2.9007834012145
2016-04-09,1.14116704,55.41450087888,19.1298190860301,2.89676032113379
2017-05-23,1.14116704,55.41450087888,19.1298190860301,2.89676032113379
2017-01-04,1.132672,55.001985984,19.0670295102965,2.88466464869623
2018-02-11,1.132672,55.001985984,19.0670295102965,2.88466464869623
2016-01-16,1.12984032,54.86448101904,19.0460410771058,2.88062389432677
2017-07-21,1.12984032,54.86448101904,19.0460410771058,2.88062389432677
2015-11-02,1.12700864,54.72697605408,19.0250231657438,2.87657868152406
2016-02-18,1.12700864,54.72697605408,19.0250231657438,2.87657868152406
2017-01-03,1.12700864,54.72697605408,19.0250231657438,2.87657868152406
2017-01-02,1.12134528,54.45196612416,18.9828984452637,2.86847481595973
2017-03-30,1.12134528,54.45196612416,18.9828984452637,2.86847481595973
2017-04-18,1.11285024,54.03945122928,18.9194873632656,2.85628517262068
2017-01-06,1.11001856,53.90194626432,18.8982901284189,2.85221286677483
2017-04-26,1.1043552,53.6269363344,18.8558046273958,2.84405451764625
2017-05-06,1.09869184,53.35192640448,18.813196940681,2.83587773905208
2018-04-10,1.09869184,53.35192640448,18.813196940681,2.83587773905208
2016-03-27,1.09302848,53.07691647456,18.7704660843224,2.82768239403981
2016-04-10,1.09302848,53.07691647456,18.7704660843224,2.82768239403981
2017-03-31,1.08736512,52.80190654464,18.7276110612972,2.81946834392355
2018-02-19,1.08736512,52.80190654464,18.7276110612972,2.81946834392355
2017-04-01,1.08453344,52.66440157968,18.7061366720814,2.81535426063046
2017-04-17,1.0760384,52.2518866848,18.6415244603411,2.80298356478104
2018-02-20,1.0760384,52.2518866848,18.6415244603411,2.80298356478104
2018-02-18,1.07320672,52.11438171984,18.6199236108006,2.7988504576684
2017-05-16,1.07037504,51.97687675488,18.5982908207988,2.79471254943241
2018-04-15,1.07037504,51.97687675488,18.5982908207988,2.79471254943241
2017-04-02,1.06188,51.56436186,18.5331994843767,2.78226983438387
2017-04-28,1.05904832,51.42685689504,18.5114376043648,2.77811253745706
2018-04-14,1.05621664,51.28935193008,18.4896431152629,2.77395034670743
2015-12-14,1.05338496,51.15184696512,18.4678158805869,2.76978324323072
2016-02-05,1.04488992,50.73933207024,18.4021363241224,2.75725226552791
2017-04-09,1.04488992,50.73933207024,18.4021363241224,2.75725226552791
2016-03-22,1.04205824,50.60182710528,18.3801767233761,2.75306531960186
2016-03-23,1.04205824,50.60182710528,18.3801767233761,2.75306531960186
2016-01-13,1.03922656,50.46432214032,18.3581836803545,2.7488733645433
2016-03-15,1.03922656,50.46432214032,18.3581836803545,2.7488733645433
2018-03-04,1.03922656,50.46432214032,18.3581836803545,2.7488733645433
2017-04-03,1.03639488,50.32681717536,18.3361570527965,2.74467638068602
2017-04-08,1.03639488,50.32681717536,18.3361570527965,2.74467638068602
2018-03-01,1.03639488,50.32681717536,18.3361570527965,2.74467638068602
2018-04-11,1.03639488,50.32681717536,18.3361570527965,2.74467638068602
2017-04-13,1.0335632,50.1893122104,18.3140966974449,2.74047434823265
2016-01-24,1.03073152,50.05180724544,18.292002470037,2.73626724725337
2016-03-21,1.03073152,50.05180724544,18.292002470037,2.73626724725337
2017-04-15,1.03073152,50.05180724544,18.292002470037,2.73626724725337
2016-01-23,1.02789984,49.91430228048,18.2698742252947,2.73205505768471
2018-02-26,1.02506816,49.77679731552,18.2477118169147,2.72783775932823
2018-02-04,1.02223648,49.63929235056,18.2255150975582,2.72361533184927
2016-01-15,1.0194048,49.5017873856,18.2032839188407,2.71938775477566
2018-02-09,1.0194048,49.5017873856,18.2032839188407,2.71938775477566
2016-01-25,1.01657312,49.36428242064,18.1810181313216,2.71515500749636
2016-12-26,1.01657312,49.36428242064,18.1810181313216,2.71515500749636
2017-04-04,1.01657312,49.36428242064,18.1810181313216,2.71515500749636
2017-04-14,1.01657312,49.36428242064,18.1810181313216,2.71515500749636
2016-03-16,1.01374144,49.22677745568,18.1587175844941,2.71091706926018
2016-03-30,1.01374144,49.22677745568,18.1587175844941,2.71091706926018
2018-04-12,1.01374144,49.22677745568,18.1587175844941,2.71091706926018
2016-01-14,1.01090976,49.08927249072,18.1363821267741,2.7066739191744
2017-05-19,1.01090976,49.08927249072,18.1363821267741,2.7066739191744
2018-04-16,1.01090976,49.08927249072,18.1363821267741,2.7066739191744
2017-04-06,1.00807808,48.95176752576,18.1140116054895,2.70242553620342
2017-04-07,1.00807808,48.95176752576,18.1140116054895,2.70242553620342
2018-01-11,1.00807808,48.95176752576,18.1140116054895,2.70242553620342
2018-04-13,0.99958304,48.53925263088,18.0466881169829,2.68964877745085
2016-03-20,0.99391968,48.26424270096,18.0016276245506,2.68110438164698
2017-04-05,0.99391968,48.26424270096,18.0016276245506,2.68110438164698
2017-04-30,0.99391968,48.26424270096,18.0016276245506,2.68110438164698
2017-12-25,0.99391968,48.26424270096,18.0016276245506,2.68110438164698
2017-04-10,0.991088,48.126737736,17.9790434534603,2.67682415143934
2017-05-08,0.98825632,47.98923277104,17.9564231187101,2.67253853697825
2017-12-24,0.98825632,47.98923277104,17.9564231187101,2.67253853697825
2018-02-12,0.98825632,47.98923277104,17.9564231187101,2.67253853697825
2018-02-17,0.98825632,47.98923277104,17.9564231187101,2.67253853697825
2016-03-26,0.98542464,47.85172780608,17.9337664585213,2.66824751603381
2018-02-05,0.98542464,47.85172780608,17.9337664585213,2.66824751603381
2018-02-23,0.98542464,47.85172780608,17.9337664585213,2.66824751603381
2018-02-27,0.98542464,47.85172780608,17.9337664585213,2.66824751603381
2018-02-14,0.98259296,47.71422284112,17.9110733099242,2.66395106622015
2018-02-28,0.98259296,47.71422284112,17.9110733099242,2.66395106622015
2016-09-21,0.9769296,47.4392129112,17.8655768895975,2.65534178965261
2017-04-12,0.9769296,47.4392129112,17.8655768895975,2.65534178965261
2018-02-21,0.9769296,47.4392129112,17.8655768895975,2.65534178965261
2016-03-09,0.97126624,47.16420298128,17.8199325296822,2.64671052501011
2016-12-27,0.97126624,47.16420298128,17.8199325296822,2.64671052501011
2016-03-25,0.96843456,47.02669801632,17.7970544519458,2.64238658949423
2016-05-06,0.96560288,46.88919305136,17.7741388822742,2.63805708743064
2018-02-13,0.9627712,46.7516880864,17.7511856490088,2.63372199529728
2016-01-27,0.95993952,46.61418312144,17.7281945791973,2.62938128940317
2016-02-07,0.95710784,46.47667815648,17.7051654985801,2.62503494588668
2018-02-03,0.95710784,46.47667815648,17.7051654985801,2.62503494588668
2018-02-15,0.95710784,46.47667815648,17.7051654985801,2.62503494588668
2018-03-10,0.95710784,46.47667815648,17.7051654985801,2.62503494588668
2016-02-03,0.95427616,46.33917319152,17.6820982315769,2.62068294071384
2017-05-01,0.95427616,46.33917319152,17.6820982315769,2.62068294071384
2018-02-25,0.95427616,46.33917319152,17.6820982315769,2.62068294071384
2018-04-17,0.95427616,46.33917319152,17.6820982315769,2.62068294071384
2016-03-24,0.95144448,46.20166822656,17.6589926012723,2.61632524967654
2017-04-11,0.95144448,46.20166822656,17.6589926012723,2.61632524967654
2017-05-22,0.9486128,46.0641632616,17.635848429402,2.61196184839075
2016-01-28,0.94578112,45.92665829664,17.6126655363382,2.60759271229472
2016-02-04,0.94578112,45.92665829664,17.6126655363382,2.60759271229472
2018-02-07,0.94294944,45.78915333168,17.5894437410753,2.60321781664716
2018-03-05,0.94294944,45.78915333168,17.5894437410753,2.60321781664716
2016-01-29,0.94011776,45.65164836672,17.5661828612146,2.59883713652536
2017-05-15,0.94011776,45.65164836672,17.5661828612146,2.59883713652536
2018-02-22,0.94011776,45.65164836672,17.5661828612146,2.59883713652536
2018-02-24,0.94011776,45.65164836672,17.5661828612146,2.59883713652536
2017-05-14,0.9344544,45.3766384368,17.5195431110536,2.59005832224989
2018-02-06,0.9344544,45.3766384368,17.5195431110536,2.59005832224989
2016-12-28,0.93162272,45.23913347184,17.4961638688573,2.5856601373267
2017-05-04,0.93162272,45.23913347184,17.4961638688573,2.5856601373267
2018-02-16,0.93162272,45.23913347184,17.4961638688573,2.5856601373267
2015-12-21,0.92595936,44.96412354192,17.4492857096139,2.57684608357043
2016-01-03,0.92595936,44.96412354192,17.4492857096139,2.57684608357043
2018-02-08,0.920296,44.689113612,17.4022467125238,2.56800827791039
2018-04-19,0.920296,44.689113612,17.4022467125238,2.56800827791039
2015-11-03,0.91746432,44.55160864704,17.3786664173874,2.56358040237576
2016-01-26,0.91746432,44.55160864704,17.3786664173874,2.56358040237576
2016-09-22,0.91463264,44.41410368208,17.3550453308607,2.55914650958029
2017-05-02,0.91463264,44.41410368208,17.3550453308607,2.55914650958029
2018-04-18,0.91463264,44.41410368208,17.3550453308607,2.55914650958029
2015-10-17,0.91180096,44.27659871712,17.3313832557613,2.55470657267946
2017-05-05,0.91180096,44.27659871712,17.3313832557613,2.55470657267946
2017-05-09,0.91180096,44.27659871712,17.3313832557613,2.55470657267946
2017-05-18,0.91180096,44.27659871712,17.3313832557613,2.55470657267946
2018-01-29,0.91180096,44.27659871712,17.3313832557613,2.55470657267946
2016-12-18,0.9061376,44.0015887872,17.2839353432511,2.54580845816351
2017-05-21,0.9061376,44.0015887872,17.2839353432511,2.54580845816351
2017-04-29,0.90047424,43.72657885728,17.2363210707007,2.53688583996089
2016-02-06,0.89764256,43.58907389232,17.2124510394678,2.53241527266344
2017-07-22,0.89764256,43.58907389232,17.2124510394678,2.53241527266344
2016-12-19,0.89481088,43.45156892736,17.1885388029988,2.52793849584115
2018-02-02,0.89481088,43.45156892736,17.1885388029988,2.52793849584115
2018-03-06,0.89481088,43.45156892736,17.1885388029988,2.52793849584115
2018-04-21,0.89481088,43.45156892736,17.1885388029988,2.52793849584115
2016-12-29,0.8919792,43.3140639624,17.1645841527532,2.52345548117765
2018-01-07,0.8919792,43.3140639624,17.1645841527532,2.52345548117765
2015-12-19,0.88914752,43.17655899744,17.1405868784943,2.51896620013707
2016-03-31,0.88914752,43.17655899744,17.1405868784943,2.51896620013707
2017-05-17,0.88914752,43.17655899744,17.1405868784943,2.51896620013707
2015-12-22,0.88631584,43.03905403248,17.1165467682697,2.51447062396165
2018-04-20,0.88631584,43.03905403248,17.1165467682697,2.51447062396165
2017-05-03,0.88348416,42.90154906752,17.0924636083923,2.50996872366928
2017-12-31,0.88348416,42.90154906752,17.0924636083923,2.50996872366928
2018-01-01,0.88065248,42.76404410256,17.0683371834195,2.50546047005104
2017-05-10,0.87498912,42.48903417264,17.0199536675237,2.49642478485207
2018-03-09,0.87498912,42.48903417264,17.0199536675237,2.49642478485207
2016-12-20,0.87215744,42.35152920768,16.9956961367589,2.49189729369664
2018-01-28,0.87215744,42.35152920768,16.9956961367589,2.49189729369664
2018-03-08,0.87215744,42.35152920768,16.9956961367589,2.49189729369664
2018-03-12,0.87215744,42.35152920768,16.9956961367589,2.49189729369664
2016-03-18,0.86932576,42.21402424272,16.9713944611741,2.48736333006072
2016-03-19,0.86932576,42.21402424272,16.9713944611741,2.48736333006072
2018-03-07,0.86932576,42.21402424272,16.9713944611741,2.48736333006072
2016-12-21,0.86649408,42.07651927776,16.9470484162445,2.48282286356294
2018-04-22,0.86649408,42.07651927776,16.9470484162445,2.48282286356294
2016-03-17,0.8636624,41.9390143128,16.9226577755658,2.47827586357946
2018-02-01,0.8636624,41.9390143128,16.9226577755658,2.47827586357946
2016-04-08,0.86083072,41.80150934784,16.8982223108313,2.47372229924129
2018-01-31,0.85799904,41.66400438288,16.8737417918099,2.46916213943149
2017-05-13,0.85233568,41.38899445296,16.8246446602248,2.46002190767261
2016-01-30,0.849504,41.251489488,16.8000275773718,2.45544177222437
2017-05-20,0.849504,41.251489488,16.8000275773718,2.45544177222437
2018-01-30,0.849504,41.251489488,16.8000275773718,2.45544177222437
2017-08-02,0.84384064,40.97647955808,16.7506551867298,2.44626130150075
2018-01-18,0.84384064,40.97647955808,16.7506551867298,2.44626130150075
2015-09-10,0.84100896,40.83897459312,16.725899396477,2.44166090116038
2017-12-23,0.83817728,40.70146962816,16.7010968844934,2.43705368034542
2018-03-14,0.83817728,40.70146962816,16.7010968844934,2.43705368034542
2018-03-16,0.83817728,40.70146962816,16.7010968844934,2.43705368034542
2018-04-23,0.83817728,40.70146962816,16.7010968844934,2.43705368034542
2017-05-12,0.8353456,40.5639646632,16.6762474043086,2.43243960585039
2016-04-11,0.83251392,40.42645969824,16.6513507073118,2.42781864419493
2016-05-01,0.82401888,40.01394480336,16.5763747966766,2.41391409727188
2017-07-23,0.82401888,40.01394480336,16.5763747966766,2.41391409727188
2017-11-12,0.8211872,39.8764398384,16.5512867025859,2.40926524656055
2015-11-01,0.81835552,39.73893487344,16.5261501155917,2.40460933704989
2018-03-13,0.81835552,39.73893487344,16.5261501155917,2.40460933704989
2015-12-23,0.81552384,39.60142990848,16.5009647736782,2.3999463335411
2018-01-12,0.81552384,39.60142990848,16.5009647736782,2.3999463335411
2018-01-19,0.81552384,39.60142990848,16.5009647736782,2.3999463335411
2017-12-30,0.81269216,39.46392494352,16.4757304124983,2.39527620053694
2018-01-15,0.81269216,39.46392494352,16.4757304124983,2.39527620053694
2016-03-10,0.80986048,39.32641997856,16.4504467653446,2.39059890223815
2017-05-11,0.80986048,39.32641997856,16.4504467653446,2.39059890223815
2018-01-16,0.8070288,39.1889150136,16.4251135631201,2.3859144025398
2018-01-21,0.8070288,39.1889150136,16.4251135631201,2.3859144025398
2018-03-17,0.80419712,39.05141004864,16.3997305343081,2.38122266502762
2016-05-08,0.79853376,38.77640011872,16.3488138985751,2.3718173293354
2017-12-28,0.79853376,38.77640011872,16.3488138985751,2.3718173293354
2016-01-04,0.79570208,38.63889515376,16.3232797362476,2.36710365674603
2018-03-18,0.79570208,38.63889515376,16.3232797362476,2.36710365674603
2018-01-27,0.7928704,38.5013901888,16.2976946364562,2.36238259751637
2018-03-19,0.7928704,38.5013901888,16.2976946364562,2.36238259751637
2017-11-11,0.79003872,38.36388522384,16.2720583151214,2.35765411362796
2018-01-20,0.79003872,38.36388522384,16.2720583151214,2.35765411362796
2018-04-24,0.79003872,38.36388522384,16.2720583151214,2.35765411362796
2018-01-13,0.78720704,38.22638025888,16.2463704855543,2.35291816672958
2017-12-29,0.78437536,38.08887529392,16.2206308584233,2.34817471813314
2017-07-24,0.78154368,37.95137032896,16.1948391417203,2.34342372880949
2018-01-14,0.78154368,37.95137032896,16.1948391417203,2.34342372880949
2018-03-20,0.78154368,37.95137032896,16.1948391417203,2.34342372880949
2017-11-05,0.778712,37.813865364,16.1689950407255,2.33866515938415
2018-04-25,0.778712,37.813865364,16.1689950407255,2.33866515938415
2015-10-19,0.77588032,37.67636039904,16.1430982579734,2.33389897013301
2015-12-13,0.77588032,37.67636039904,16.1430982579734,2.33389897013301
2016-09-12,0.77588032,37.67636039904,16.1430982579734,2.33389897013301
2017-11-13,0.77588032,37.67636039904,16.1430982579734,2.33389897013301
2018-01-17,0.77588032,37.67636039904,16.1430982579734,2.33389897013301
2018-01-26,0.77588032,37.67636039904,16.1430982579734,2.33389897013301
2016-11-27,0.77304864,37.53885543408,16.1171484932157,2.32912512097792
2017-11-26,0.77021696,37.40135046912,16.0911454433861,2.32434357148222
2017-12-26,0.7645536,37.1263405392,16.0389782619315,2.31475720790266
2016-01-01,0.75889024,36.85133060928,15.986594231291,2.30513954855686
2016-05-09,0.75889024,36.85133060928,15.986594231291,2.30513954855686
2018-01-02,0.75889024,36.85133060928,15.986594231291,2.30513954855686
2015-12-17,0.75605856,36.71382564432,15.9603201088414,2.30031887793917
2018-01-22,0.75605856,36.71382564432,15.9603201088414,2.30031887793917
2015-12-31,0.75322688,36.57632067936,15.9339908216225,2.29549025657313
2018-01-25,0.75322688,36.57632067936,15.9339908216225,2.29549025657313
2016-02-10,0.7503952,36.4388157144,15.9076060457693,2.29065364138126
2016-05-02,0.7503952,36.4388157144,15.9076060457693,2.29065364138126
2018-01-06,0.74756352,36.30131074944,15.8811654542849,2.28580898888913
2015-11-29,0.74473184,36.16380578448,15.8546687169979,2.28095625522017
2018-01-24,0.74473184,36.16380578448,15.8546687169979,2.28095625522017
2015-12-27,0.74190016,36.02630081952,15.8281155005199,2.27609539609037
2016-11-28,0.74190016,36.02630081952,15.8281155005199,2.27609539609037
2018-01-23,0.73906848,35.88879585456,15.8015054682012,2.27122636680298
2017-08-04,0.73340512,35.61378592464,15.7481135928702,2.26146361687179
2017-07-25,0.73057344,35.47628095968,15.7213310598488,2.25656980472118
2017-08-03,0.73057344,35.47628095968,15.7213310598488,2.25656980472118
2016-02-11,0.72491008,35.20127102976,15.6675910523118,2.24675707402804
2015-11-04,0.7220784,35.0637660648,15.6406328669786,2.24183806135035
2015-09-17,0.71924672,34.92626109984,15.6136154141074,2.23691055361099
2015-10-04,0.71924672,34.92626109984,15.6136154141074,2.23691055361099
2015-12-06,0.71641504,34.78875613488,15.5865383292893,2.23197450260697
2017-07-28,0.71641504,34.78875613488,15.5865383292893,2.23197450260697
2015-12-24,0.71358336,34.65125116992,15.5594012444242,2.22702985967005
2016-01-02,0.71358336,34.65125116992,15.5594012444242,2.22702985967005
2015-12-18,0.70792,34.37624124,15.5049455833806,2.21711460095978
2017-11-19,0.70508832,34.23873627504,15.4776262520702,2.21214388546567
2018-01-05,0.70508832,34.23873627504,15.4776262520702,2.21214388546567
2017-08-01,0.69942496,33.96372634512,15.4228026708282,2.20217602922207
2016-02-17,0.69092992,33.55121145024,15.3400991313774,2.18715740771275
2016-10-28,0.68809824,33.41370648528,15.3124048458827,2.182133167297
2017-11-27,0.68809824,33.41370648528,15.3124048458827,2.182133167297
2017-11-23,0.68526656,33.27620152032,15.2846466643387,2.17709982121851
2016-02-12,0.68243488,33.13869655536,15.2568241743742,2.17205731524525
2017-12-27,0.68243488,33.13869655536,15.2568241743742,2.17205731524525
2017-08-06,0.6796032,33.0011915904,15.2289369592325,2.16700559459557
2015-09-20,0.67677152,32.86368662544,15.2009845977062,2.1619446039304
2016-02-16,0.67677152,32.86368662544,15.2009845977062,2.1619446039304
2017-07-29,0.67393984,32.72618166048,15.1729666640712,2.15687428734514
2015-11-26,0.67110816,32.58867669552,15.1448827280183,2.15179458836154
2015-12-25,0.67110816,32.58867669552,15.1448827280183,2.15179458836154
2017-11-24,0.67110816,32.58867669552,15.1448827280183,2.15179458836154
2017-11-17,0.6654448,32.3136667656,15.0885151040853,2.14160681436776
2015-11-30,0.66261312,32.17616180064,15.0602305320368,2.13649862345689
2015-12-26,0.66261312,32.17616180064,15.0602305320368,2.13649862345689
2017-07-26,0.66261312,32.17616180064,15.0602305320368,2.13649862345689
2017-08-05,0.65978144,32.03865683568,15.031878189089,2.13138081832884
2018-04-26,0.65978144,32.03865683568,15.031878189089,2.13138081832884
2015-12-07,0.65694976,31.90115187072,15.0034576209485,2.12625333950877
2016-03-05,0.65694976,31.90115187072,15.0034576209485,2.12625333950877
2016-04-12,0.65694976,31.90115187072,15.0034576209485,2.12625333950877
2016-11-22,0.65694976,31.90115187072,15.0034576209485,2.12625333950877
2017-11-06,0.65694976,31.90115187072,15.0034576209485,2.12625333950877
2017-11-20,0.65694976,31.90115187072,15.0034576209485,2.12625333950877
2016-04-15,0.65411808,31.76364690576,14.9749683683026,2.12111612689573
2017-07-27,0.65411808,31.76364690576,14.9749683683026,2.12111612689573
2015-09-21,0.6512864,31.6261419408,14.9464099667423,2.11596911975332
2015-11-08,0.6512864,31.6261419408,14.9464099667423,2.11596911975332
2016-02-09,0.6512864,31.6261419408,14.9464099667423,2.11596911975332
2017-10-29,0.6512864,31.6261419408,14.9464099667423,2.11596911975332
2016-02-08,0.64845472,31.48863697584,14.9177819466833,2.1108122567002
2017-11-10,0.64845472,31.48863697584,14.9177819466833,2.1108122567002
2016-11-26,0.64279136,31.21362704592,14.8603151463692,2.10046871405324
2017-11-18,0.64279136,31.21362704592,14.8603151463692,2.10046871405324
2015-11-15,0.63995968,31.07612208096,14.8314754003351,2.09528190838369
2018-01-03,0.63995968,31.07612208096,14.8314754003351,2.09528190838369
2016-04-14,0.637128,30.938617116,14.8025641040749,2.09008499463164
2017-12-17,0.63429632,30.80111215104,14.7735807608859,2.08487790804164
2015-10-18,0.63146464,30.66360718608,14.7445248683816,2.07966058315216
2015-11-07,0.62863296,30.52610222112,14.7153959184009,2.07443295378472
2016-09-25,0.62863296,30.52610222112,14.7153959184009,2.07443295378472
2016-10-30,0.62863296,30.52610222112,14.7153959184009,2.07443295378472
2017-11-25,0.62863296,30.52610222112,14.7153959184009,2.07443295378472
2015-09-18,0.62580128,30.38859725616,14.6861933969155,2.06919495303272
2015-11-09,0.62580128,30.38859725616,14.6861933969155,2.06919495303272
2016-02-13,0.62580128,30.38859725616,14.6861933969155,2.06919495303272
2016-02-14,0.62580128,30.38859725616,14.6861933969155,2.06919495303272
2016-09-19,0.62580128,30.38859725616,14.6861933969155,2.06919495303272
2018-05-02,0.62580128,30.38859725616,14.6861933969155,2.06919495303272
2016-09-13,0.6229696,30.2510922912,14.656916783935,2.06394651325013
2016-09-18,0.6229696,30.2510922912,14.656916783935,2.06394651325013
2017-07-31,0.6229696,30.2510922912,14.656916783935,2.06394651325013
2015-09-22,0.62013792,30.11358732624,14.6275655534106,2.05868756603991
2015-10-29,0.62013792,30.11358732624,14.6275655534106,2.05868756603991
2015-11-16,0.62013792,30.11358732624,14.6275655534106,2.05868756603991
2016-09-20,0.62013792,30.11358732624,14.6275655534106,2.05868756603991
2016-10-29,0.62013792,30.11358732624,14.6275655534106,2.05868756603991
2017-09-01,0.62013792,30.11358732624,14.6275655534106,2.05868756603991
2017-10-30,0.62013792,30.11358732624,14.6275655534106,2.05868756603991
2015-11-05,0.61730624,29.97608236128,14.5981391731361,2.05341804224219
2015-12-16,0.61730624,29.97608236128,14.5981391731361,2.05341804224219
2016-04-13,0.61730624,29.97608236128,14.5981391731361,2.05341804224219
2015-07-21,0.61447456,29.83857739632,14.5686371046476,2.04813787192222
2015-11-06,0.61447456,29.83857739632,14.5686371046476,2.04813787192222
2015-11-27,0.61447456,29.83857739632,14.5686371046476,2.04813787192222
2016-04-07,0.61447456,29.83857739632,14.5686371046476,2.04813787192222
2016-09-26,0.61447456,29.83857739632,14.5686371046476,2.04813787192222
2015-09-19,0.61164288,29.70107243136,14.5390588031205,2.04284698435811
2015-12-12,0.61164288,29.70107243136,14.5390588031205,2.04284698435811
2016-04-26,0.61164288,29.70107243136,14.5390588031205,2.04284698435811
2016-05-15,0.61164288,29.70107243136,14.5390588031205,2.04284698435811
2016-09-14,0.61164288,29.70107243136,14.5390588031205,2.04284698435811
2016-09-16,0.61164288,29.70107243136,14.5390588031205,2.04284698435811
2017-07-30,0.61164288,29.70107243136,14.5390588031205,2.04284698435811
2017-11-16,0.61164288,29.70107243136,14.5390588031205,2.04284698435811
2016-02-21,0.6088112,29.5635674664,14.5094037172647,2.03754530802823
2016-12-15,0.6088112,29.5635674664,14.5094037172647,2.03754530802823
2017-12-22,0.6088112,29.5635674664,14.5094037172647,2.03754530802823
2015-12-28,0.60314784,29.28855753648,14.4498609544323,2.02690929890893
2016-02-15,0.60314784,29.28855753648,14.4498609544323,2.02690929890893
2016-02-22,0.60314784,29.28855753648,14.4498609544323,2.02690929890893
2016-11-29,0.60314784,29.28855753648,14.4498609544323,2.02690929890893
2018-04-30,0.60314784,29.28855753648,14.4498609544323,2.02690929890893
2018-05-01,0.60314784,29.28855753648,14.4498609544323,2.02690929890893
2015-10-05,0.60031616,29.15105257152,14.419972141571,2.02157481896106
2015-11-28,0.59182112,28.73853767664,14.3298290168042,2.00550457670772
2015-12-01,0.59182112,28.73853767664,14.3298290168042,2.00550457670772
2017-08-07,0.59182112,28.73853767664,14.3298290168042,2.00550457670772
2018-04-27,0.59182112,28.73853767664,14.3298290168042,2.00550457670772
2017-12-04,0.58898944,28.60103271168,14.2996204383082,2.00012530647729
2015-10-06,0.58615776,28.46352774672,14.2693304190396,1.99473464492356
2016-09-11,0.58615776,28.46352774672,14.2693304190396,1.99473464492356
2016-11-20,0.58615776,28.46352774672,14.2693304190396,1.99473464492356
2017-11-08,0.58615776,28.46352774672,14.2693304190396,1.99473464492356
2017-11-09,0.58615776,28.46352774672,14.2693304190396,1.99473464492356
2015-12-30,0.58332608,28.32602278176,14.2389583444064,1.98933251271766
2017-11-04,0.58332608,28.32602278176,14.2389583444064,1.98933251271766
2017-11-14,0.58332608,28.32602278176,14.2389583444064,1.98933251271766
2017-12-21,0.58332608,28.32602278176,14.2389583444064,1.98933251271766
2018-05-04,0.58332608,28.32602278176,14.2389583444064,1.98933251271766
2016-08-11,0.57766272,28.05101285184,14.177965532303,1.97849351431479
2017-10-01,0.57766272,28.05101285184,14.177965532303,1.97849351431479
2017-11-22,0.57766272,28.05101285184,14.177965532303,1.97849351431479
2017-12-10,0.57766272,28.05101285184,14.177965532303,1.97849351431479
2017-12-18,0.57766272,28.05101285184,14.177965532303,1.97849351431479
2018-01-04,0.57766272,28.05101285184,14.177965532303,1.97849351431479
2016-04-04,0.57483104,27.91350788688,14.1473435268727,1.97305648469331
2017-12-19,0.57483104,27.91350788688,14.1473435268727,1.97305648469331
2015-11-10,0.57199936,27.77600292192,14.1166369298823,1.96760765753799
2015-12-11,0.57199936,27.77600292192,14.1166369298823,1.96760765753799
2017-11-07,0.57199936,27.77600292192,14.1166369298823,1.96760765753799
2015-12-29,0.56916768,27.63849795696,14.0858450871389,1.96214694865524
2016-09-23,0.56916768,27.63849795696,14.0858450871389,1.96214694865524
2017-12-13,0.56916768,27.63849795696,14.0858450871389,1.96214694865524
2017-12-20,0.56916768,27.63849795696,14.0858450871389,1.96214694865524
2018-05-13,0.56916768,27.63849795696,14.0858450871389,1.96214694865524
2015-10-03,0.56350432,27.36348802704,14.0240030057531,1.95118954379963
2016-04-05,0.56350432,27.36348802704,14.0240030057531,1.95118954379963
2017-11-21,0.56350432,27.36348802704,14.0240030057531,1.95118954379963
2015-11-12,0.56067264,27.22598306208,13.9929514164077,1.94569267425282
2017-12-03,0.56067264,27.22598306208,13.9929514164077,1.94569267425282
2018-05-03,0.56067264,27.22598306208,13.9929514164077,1.94569267425282
2017-11-28,0.55784096,27.08847809712,13.9618118795952,1.94018357579427
2018-05-14,0.55784096,27.08847809712,13.9618118795952,1.94018357579427
2015-12-02,0.55500928,26.95097313216,13.9305836978821,1.93466215893433
2017-10-22,0.55500928,26.95097313216,13.9305836978821,1.93466215893433
2015-12-08,0.5521776,26.8134681672,13.8992661647123,1.929128333068
2016-10-31,0.5521776,26.8134681672,13.8992661647123,1.929128333068
2016-11-23,0.5521776,26.8134681672,13.8992661647123,1.929128333068
2015-09-23,0.54934592,26.67596320224,13.8678585642406,1.92358200645528
2016-02-19,0.54934592,26.67596320224,13.8678585642406,1.92358200645528
2016-04-25,0.54934592,26.67596320224,13.8678585642406,1.92358200645528
2016-11-30,0.54934592,26.67596320224,13.8678585642406,1.92358200645528
2017-10-31,0.54934592,26.67596320224,13.8678585642406,1.92358200645528
2017-12-14,0.54934592,26.67596320224,13.8678585642406,1.92358200645528
2018-04-28,0.54934592,26.67596320224,13.8678585642406,1.92358200645528
2018-05-05,0.54934592,26.67596320224,13.8678585642406,1.92358200645528
2016-04-01,0.54651424,26.53845823728,13.8363601711616,1.918023086201
2016-04-19,0.54651424,26.53845823728,13.8363601711616,1.918023086201
2016-12-12,0.54651424,26.53845823728,13.8363601711616,1.918023086201
2017-12-07,0.54368256,26.40095327232,13.8047702505354,1.91245147823421
2015-11-11,0.54085088,26.26344830736,13.7730880576083,1.90686708728707
2015-12-04,0.54085088,26.26344830736,13.7730880576083,1.90686708728707
2015-12-15,0.5380192,26.1259433424,13.74131283763,1.90126981687333
2016-11-24,0.5380192,26.1259433424,13.74131283763,1.90126981687333
2015-10-30,0.53518752,25.98843837744,13.7094438256656,1.89565956926616
2017-10-02,0.53518752,25.98843837744,13.7094438256656,1.89565956926616
2017-12-11,0.53518752,25.98843837744,13.7094438256656,1.89565956926616
2015-10-31,0.53235584,25.85093341248,13.6774802464038,1.89003624547562
2018-04-29,0.53235584,25.85093341248,13.6774802464038,1.89003624547562
2015-09-28,0.52952416,25.71342844752,13.64542131396,1.88439974522544
2015-10-28,0.52952416,25.71342844752,13.64542131396,1.88439974522544
2016-10-27,0.52952416,25.71342844752,13.64542131396,1.88439974522544
2017-10-23,0.52952416,25.71342844752,13.64542131396,1.88439974522544
2017-11-29,0.52952416,25.71342844752,13.64542131396,1.88439974522544
2015-07-22,0.52669248,25.57592348256,13.6132662316745,1.87874996692942
2016-04-18,0.52669248,25.57592348256,13.6132662316745,1.87874996692942
2017-09-28,0.52669248,25.57592348256,13.6132662316745,1.87874996692942
2016-12-11,0.5238608,25.4384185176,13.5810141919065,1.87308680766712
2015-12-10,0.52102912,25.30091355264,13.5486643758219,1.867410163159
2016-05-23,0.52102912,25.30091355264,13.5486643758219,1.867410163159
2017-12-05,0.52102912,25.30091355264,13.5486643758219,1.867410163159
2018-05-12,0.52102912,25.30091355264,13.5486643758219,1.867410163159
2015-12-05,0.51819744,25.16340858768,13.5162159531765,1.86171992774103
2016-04-27,0.51819744,25.16340858768,13.5162159531765,1.86171992774103
2016-09-17,0.51819744,25.16340858768,13.5162159531765,1.86171992774103
2017-11-15,0.51819744,25.16340858768,13.5162159531765,1.86171992774103
2017-12-12,0.51819744,25.16340858768,13.5162159531765,1.86171992774103
2017-12-16,0.51819744,25.16340858768,13.5162159531765,1.86171992774103
2017-10-04,0.51536576,25.02590362272,13.4836680820942,1.85601599433863
2016-02-20,0.51253408,24.88839865776,13.4510199088382,1.85029825443992
2016-04-22,0.51253408,24.88839865776,13.4510199088382,1.85029825443992
2016-11-25,0.51253408,24.88839865776,13.4510199088382,1.85029825443992
2017-09-05,0.51253408,24.88839865776,13.4510199088382,1.85029825443992
2017-11-30,0.51253408,24.88839865776,13.4510199088382,1.85029825443992
2017-12-06,0.51253408,24.88839865776,13.4510199088382,1.85029825443992
2018-05-15,0.51253408,24.88839865776,13.4510199088382,1.85029825443992
2016-09-04,0.5097024,24.7508936928,13.4182705675785,1.84456659806843
2016-09-15,0.5097024,24.7508936928,13.4182705675785,1.84456659806843
2015-09-27,0.50687072,24.61338872784,13.3854191801511,1.83882091375506
2017-12-15,0.50687072,24.61338872784,13.3854191801511,1.83882091375506
2015-07-23,0.50403904,24.47588376288,13.3524648558135,1.83306108850933
2016-04-03,0.50403904,24.47588376288,13.3524648558135,1.83306108850933
2017-08-14,0.50403904,24.47588376288,13.3524648558135,1.83306108850933
2018-05-06,0.50403904,24.47588376288,13.3524648558135,1.83306108850933
2016-02-23,0.50120736,24.33837879792,13.3194066909917,1.82728700778997
2015-11-22,0.49837568,24.20087383296,13.2862437690225,1.82149855547476
2016-12-01,0.49837568,24.20087383296,13.2862437690225,1.82149855547476
2016-05-31,0.495544,24.063368868,13.2529751598878,1.81569561382953
2016-12-02,0.495544,24.063368868,13.2529751598878,1.81569561382953
2015-06-21,0.49271232,23.92586390304,13.2195999199428,1.80987806347648
2015-09-25,0.49271232,23.92586390304,13.2195999199428,1.80987806347648
2016-09-05,0.49271232,23.92586390304,13.2195999199428,1.80987806347648
2017-08-18,0.49271232,23.92586390304,13.2195999199428,1.80987806347648
2015-12-09,0.48988064,23.78835893808,13.1861170916365,1.80404578336166
2016-09-10,0.48988064,23.78835893808,13.1861170916365,1.80404578336166
2017-10-03,0.48988064,23.78835893808,13.1861170916365,1.80404578336166
2017-10-15,0.48988064,23.78835893808,13.1861170916365,1.80404578336166
2017-12-01,0.48988064,23.78835893808,13.1861170916365,1.80404578336166
2018-05-11,0.48988064,23.78835893808,13.1861170916365,1.80404578336166
2016-12-14,0.48704896,23.65085397312,13.1525257032253,1.79819865072153
2015-11-17,0.4813856,23.3758440432,13.0850132863766,1.7864593280572
2017-08-13,0.4813856,23.3758440432,13.0850132863766,1.7864593280572
2017-08-19,0.4813856,23.3758440432,13.0850132863766,1.7864593280572
2017-09-29,0.4813856,23.3758440432,13.0850132863766,1.7864593280572
2017-10-28,0.4813856,23.3758440432,13.0850132863766,1.7864593280572
2018-05-07,0.4813856,23.3758440432,13.0850132863766,1.7864593280572
2018-05-08,0.4813856,23.3758440432,13.0850132863766,1.7864593280572
2018-05-16,0.47855392,23.23833907824,13.0510902408006,1.78056688364562
2015-10-08,0.47572224,23.10083411328,13.0170546002136,1.7746590778609
2016-12-04,0.47572224,23.10083411328,13.0170546002136,1.7746590778609
2017-12-08,0.47572224,23.10083411328,13.0170546002136,1.7746590778609
2018-05-09,0.47572224,23.10083411328,13.0170546002136,1.7746590778609
2015-10-07,0.47289056,22.96332914832,12.9829053173337,1.76873577886002
2017-09-30,0.47289056,22.96332914832,12.9829053173337,1.76873577886002
2015-09-24,0.47005888,22.82582418336,12.9486413287976,1.76279685287101
2016-09-29,0.47005888,22.82582418336,12.9486413287976,1.76279685287101
2016-12-13,0.47005888,22.82582418336,12.9486413287976,1.76279685287101
2017-12-02,0.47005888,22.82582418336,12.9486413287976,1.76279685287101
2016-04-02,0.4672272,22.6883192184,12.9142615548153,1.75684216415303
2016-05-16,0.4672272,22.6883192184,12.9142615548153,1.75684216415303
2016-09-24,0.4672272,22.6883192184,12.9142615548153,1.75684216415303
2017-10-09,0.4672272,22.6883192184,12.9142615548153,1.75684216415303
2018-06-03,0.4672272,22.6883192184,12.9142615548153,1.75684216415303
2016-12-03,0.46439552,22.55081425344,12.8797648988148,1.75087157495515
2017-08-21,0.46439552,22.55081425344,12.8797648988148,1.75087157495515
2017-09-02,0.46439552,22.55081425344,12.8797648988148,1.75087157495515
2017-10-05,0.46439552,22.55081425344,12.8797648988148,1.75087157495515
2018-05-30,0.46439552,22.55081425344,12.8797648988148,1.75087157495515
2015-09-14,0.46156384,22.41330928848,12.8451502470774,1.74488494547423
2016-10-24,0.46156384,22.41330928848,12.8451502470774,1.74488494547423
2017-08-08,0.46156384,22.41330928848,12.8451502470774,1.74488494547423
2017-11-03,0.46156384,22.41330928848,12.8451502470774,1.74488494547423
2018-07-12,0.46156384,22.41330928848,12.8451502470774,1.74488494547423
2017-08-20,0.45873216,22.27580432352,12.8104164683624,1.7388821338115
2017-10-08,0.45873216,22.27580432352,12.8104164683624,1.7388821338115
2017-11-02,0.45873216,22.27580432352,12.8104164683624,1.7388821338115
2015-07-24,0.45590048,22.13829935856,12.7755624135216,1.73286299592798
2015-09-29,0.45590048,22.13829935856,12.7755624135216,1.73286299592798
2017-08-15,0.45590048,22.13829935856,12.7755624135216,1.73286299592798
2017-11-01,0.45590048,22.13829935856,12.7755624135216,1.73286299592798
2017-12-09,0.45590048,22.13829935856,12.7755624135216,1.73286299592798
2018-05-22,0.45590048,22.13829935856,12.7755624135216,1.73286299592798
2016-05-10,0.4530688,22.0007943936,12.7405869151024,1.72682738559875
2016-10-17,0.4530688,22.0007943936,12.7405869151024,1.72682738559875
2017-10-24,0.4530688,22.0007943936,12.7405869151024,1.72682738559875
2018-06-04,0.4530688,22.0007943936,12.7405869151024,1.72682738559875
2018-06-10,0.4530688,22.0007943936,12.7405869151024,1.72682738559875
2015-11-23,0.45023712,21.86328942864,12.70548878694,1.72077515436583
2016-10-26,0.45023712,21.86328942864,12.70548878694,1.72077515436583
2016-12-06,0.45023712,21.86328942864,12.70548878694,1.72077515436583
2017-08-16,0.45023712,21.86328942864,12.70548878694,1.72077515436583
2018-05-10,0.45023712,21.86328942864,12.70548878694,1.72077515436583
2018-05-21,0.45023712,21.86328942864,12.70548878694,1.72077515436583
2018-05-24,0.45023712,21.86328942864,12.70548878694,1.72077515436583
2018-05-26,0.45023712,21.86328942864,12.70548878694,1.72077515436583
2018-05-27,0.45023712,21.86328942864,12.70548878694,1.72077515436583
2016-04-21,0.44740544,21.72578446368,12.6702668237374,1.71470615148983
2016-05-22,0.44740544,21.72578446368,12.6702668237374,1.71470615148983
2016-12-07,0.44740544,21.72578446368,12.6702668237374,1.71470615148983
2017-10-16,0.44740544,21.72578446368,12.6702668237374,1.71470615148983
2018-05-29,0.44740544,21.72578446368,12.6702668237374,1.71470615148983
2015-10-02,0.44457376,21.58827949872,12.6349198006339,1.70862022390018
2016-04-06,0.44457376,21.58827949872,12.6349198006339,1.70862022390018
2018-05-17,0.44457376,21.58827949872,12.6349198006339,1.70862022390018
2018-06-02,0.44457376,21.58827949872,12.6349198006339,1.70862022390018
2018-06-05,0.44457376,21.58827949872,12.6349198006339,1.70862022390018
2016-10-16,0.44174208,21.45077453376,12.5994464727605,1.70251721614403
2018-06-11,0.44174208,21.45077453376,12.5994464727605,1.70251721614403
2016-02-28,0.4389104,21.3132695688,12.5638455747825,1.69639697033358
2016-04-28,0.4389104,21.3132695688,12.5638455747825,1.69639697033358
2016-08-09,0.4389104,21.3132695688,12.5638455747825,1.69639697033358
2016-12-05,0.4389104,21.3132695688,12.5638455747825,1.69639697033358
2017-10-12,0.4389104,21.3132695688,12.5638455747825,1.69639697033358
2017-10-14,0.4389104,21.3132695688,12.5638455747825,1.69639697033358
2017-10-21,0.4389104,21.3132695688,12.5638455747825,1.69639697033358
2018-05-31,0.4389104,21.3132695688,12.5638455747825,1.69639697033358
2015-11-19,0.43607872,21.17576460384,12.5281158204285,1.690259326092
2016-02-27,0.43607872,21.17576460384,12.5281158204285,1.690259326092
2016-09-27,0.43607872,21.17576460384,12.5281158204285,1.690259326092
2017-08-12,0.43607872,21.17576460384,12.5281158204285,1.690259326092
2017-10-11,0.43607872,21.17576460384,12.5281158204285,1.690259326092
2018-05-25,0.43607872,21.17576460384,12.5281158204285,1.690259326092
2018-05-28,0.43607872,21.17576460384,12.5281158204285,1.690259326092
2015-09-26,0.43324704,21.03825963888,12.4922559020056,1.68410412049775
2016-10-03,0.43324704,21.03825963888,12.4922559020056,1.68410412049775
2017-08-09,0.43324704,21.03825963888,12.4922559020056,1.68410412049775
2017-08-23,0.43324704,21.03825963888,12.4922559020056,1.68410412049775
2017-10-20,0.43324704,21.03825963888,12.4922559020056,1.68410412049775
2018-05-23,0.43324704,21.03825963888,12.4922559020056,1.68410412049775
2016-11-01,0.43041536,20.90075467392,12.4562644899001,1.67793118802727
2017-09-04,0.43041536,20.90075467392,12.4562644899001,1.67793118802727
2018-05-20,0.43041536,20.90075467392,12.4562644899001,1.67793118802727
2018-06-09,0.43041536,20.90075467392,12.4562644899001,1.67793118802727
2015-11-18,0.42758368,20.76324970896,12.4201402320631,1.67174036049599
2017-08-11,0.42758368,20.76324970896,12.4201402320631,1.67174036049599
2018-05-18,0.42758368,20.76324970896,12.4201402320631,1.67174036049599
2015-09-30,0.424752,20.625744744,12.3838817534804,1.66553146699768
2016-05-24,0.424752,20.625744744,12.3838817534804,1.66553146699768
2016-08-08,0.424752,20.625744744,12.3838817534804,1.66553146699768
2016-10-04,0.424752,20.625744744,12.3838817534804,1.66553146699768
2016-10-25,0.424752,20.625744744,12.3838817534804,1.66553146699768
2017-08-26,0.424752,20.625744744,12.3838817534804,1.66553146699768
2017-09-27,0.424752,20.625744744,12.3838817534804,1.66553146699768
2018-05-19,0.424752,20.625744744,12.3838817534804,1.66553146699768
2018-06-06,0.424752,20.625744744,12.3838817534804,1.66553146699768
2018-06-12,0.424752,20.625744744,12.3838817534804,1.66553146699768
2015-09-13,0.42192032,20.48823977904,12.3474876556267,1.65930433384185
2015-10-01,0.42192032,20.48823977904,12.3474876556267,1.65930433384185
2015-12-03,0.42192032,20.48823977904,12.3474876556267,1.65930433384185
2016-10-19,0.42192032,20.48823977904,12.3474876556267,1.65930433384185
2017-10-06,0.42192032,20.48823977904,12.3474876556267,1.65930433384185
2017-10-10,0.42192032,20.48823977904,12.3474876556267,1.65930433384185
2017-10-26,0.42192032,20.48823977904,12.3474876556267,1.65930433384185
2015-10-20,0.41908864,20.35073481408,12.3109565159024,1.65305878448944
2015-10-22,0.41908864,20.35073481408,12.3109565159024,1.65305878448944
2016-02-24,0.41908864,20.35073481408,12.3109565159024,1.65305878448944
2016-02-29,0.41908864,20.35073481408,12.3109565159024,1.65305878448944
2016-05-25,0.41908864,20.35073481408,12.3109565159024,1.65305878448944
2016-12-08,0.41908864,20.35073481408,12.3109565159024,1.65305878448944
2017-09-03,0.41908864,20.35073481408,12.3109565159024,1.65305878448944
2017-10-27,0.41908864,20.35073481408,12.3109565159024,1.65305878448944
2018-06-14,0.41908864,20.35073481408,12.3109565159024,1.65305878448944
2015-11-20,0.41625696,20.21322984912,12.2742868870541,1.64679463948649
2017-08-22,0.41625696,20.21322984912,12.2742868870541,1.64679463948649
2017-09-23,0.41625696,20.21322984912,12.2742868870541,1.64679463948649
2017-10-13,0.41625696,20.21322984912,12.2742868870541,1.64679463948649
2015-09-11,0.41342528,20.07572488416,12.2374772965754,1.64051171639583
2015-10-25,0.41342528,20.07572488416,12.2374772965754,1.64051171639583
2016-08-06,0.41342528,20.07572488416,12.2374772965754,1.64051171639583
2016-11-02,0.41342528,20.07572488416,12.2374772965754,1.64051171639583
2018-06-01,0.41342528,20.07572488416,12.2374772965754,1.64051171639583
2018-06-24,0.41342528,20.07572488416,12.2374772965754,1.64051171639583
2016-04-20,0.4105936,19.9382199192,12.200526246091,1.63420982972666
2018-06-08,0.4105936,19.9382199192,12.200526246091,1.63420982972666
2015-10-12,0.40493024,19.66320998928,12.1261936384168,1.62154840798396
2016-02-25,0.40493024,19.66320998928,12.1261936384168,1.62154840798396
2016-05-17,0.40493024,19.66320998928,12.1261936384168,1.62154840798396
2016-08-10,0.40493024,19.66320998928,12.1261936384168,1.62154840798396
2017-08-17,0.40493024,19.66320998928,12.1261936384168,1.62154840798396
2017-09-22,0.40493024,19.66320998928,12.1261936384168,1.62154840798396
2018-06-15,0.40493024,19.66320998928,12.1261936384168,1.62154840798396
2015-07-26,0.40209856,19.52570502432,12.0888089492997,1.61518848599647
2015-10-26,0.40209856,19.52570502432,12.0888089492997,1.61518848599647
2016-10-23,0.40209856,19.52570502432,12.0888089492997,1.61518848599647
2016-12-10,0.40209856,19.52570502432,12.0888089492997,1.61518848599647
2017-08-28,0.40209856,19.52570502432,12.0888089492997,1.61518848599647
2017-10-07,0.40209856,19.52570502432,12.0888089492997,1.61518848599647
2018-06-07,0.40209856,19.52570502432,12.0888089492997,1.61518848599647
2018-06-13,0.40209856,19.52570502432,12.0888089492997,1.61518848599647
2016-09-06,0.39926688,19.38820005936,12.0512765349451,1.60880882644589
2017-10-19,0.39926688,19.38820005936,12.0512765349451,1.60880882644589
2015-10-23,0.3964352,19.2506950944,12.0135947576688,1.60240922743889
2016-04-17,0.3964352,19.2506950944,12.0135947576688,1.60240922743889
2016-10-22,0.3964352,19.2506950944,12.0135947576688,1.60240922743889
2016-12-09,0.3964352,19.2506950944,12.0135947576688,1.60240922743889
2017-09-17,0.3964352,19.2506950944,12.0135947576688,1.60240922743889
2017-10-18,0.3964352,19.2506950944,12.0135947576688,1.60240922743889
2016-04-16,0.39360352,19.11319012944,11.9757619497797,1.5959894835578
2016-05-05,0.39360352,19.11319012944,11.9757619497797,1.5959894835578
2016-11-06,0.39360352,19.11319012944,11.9757619497797,1.5959894835578
2017-08-27,0.39360352,19.11319012944,11.9757619497797,1.5959894835578
2017-09-24,0.39360352,19.11319012944,11.9757619497797,1.5959894835578
2016-11-17,0.39077184,18.97568516448,11.9377764128096,1.58954938577326
2017-08-10,0.39077184,18.97568516448,11.9377764128096,1.58954938577326
2018-06-17,0.39077184,18.97568516448,11.9377764128096,1.58954938577326
2015-10-27,0.38794016,18.83818019952,11.8996364167179,1.58308872135405
2015-11-21,0.38794016,18.83818019952,11.8996364167179,1.58308872135405
2016-10-18,0.38794016,18.83818019952,11.8996364167179,1.58308872135405
2016-11-18,0.38794016,18.83818019952,11.8996364167179,1.58308872135405
2017-09-16,0.38794016,18.83818019952,11.8996364167179,1.58308872135405
2018-06-16,0.38794016,18.83818019952,11.8996364167179,1.58308872135405
2015-09-09,0.38510848,18.70067523456,11.8613401990691,1.57660727377398
2016-10-14,0.38510848,18.70067523456,11.8613401990691,1.57660727377398
2016-11-07,0.38510848,18.70067523456,11.8613401990691,1.57660727377398
2016-11-13,0.38510848,18.70067523456,11.8613401990691,1.57660727377398
2017-08-24,0.38510848,18.70067523456,11.8613401990691,1.57660727377398
2015-06-17,0.3822768,18.5631702696,11.8228859641834,1.57010482261572
2015-07-30,0.3822768,18.5631702696,11.8228859641834,1.57010482261572
2016-11-16,0.3822768,18.5631702696,11.8228859641834,1.57010482261572
2017-10-25,0.3822768,18.5631702696,11.8228859641834,1.57010482261572
2015-11-13,0.37944512,18.42566530464,11.7842718822579,1.56358114347151
2016-05-13,0.37944512,18.42566530464,11.7842718822579,1.56358114347151
2017-08-25,0.37944512,18.42566530464,11.7842718822579,1.56358114347151
2017-09-25,0.37944512,18.42566530464,11.7842718822579,1.56358114347151
2016-10-11,0.37661344,18.28816033968,11.7454960884585,1.55703600784054
2018-06-25,0.37661344,18.28816033968,11.7454960884585,1.55703600784054
2015-06-22,0.37378176,18.15065537472,11.7065566819795,1.55046918302289
2015-11-24,0.37378176,18.15065537472,11.7065566819795,1.55046918302289
2016-04-29,0.37378176,18.15065537472,11.7065566819795,1.55046918302289
2016-05-12,0.37378176,18.15065537472,11.7065566819795,1.55046918302289
2016-05-26,0.37378176,18.15065537472,11.7065566819795,1.55046918302289
2017-09-06,0.37378176,18.15065537472,11.7065566819795,1.55046918302289
2016-05-03,0.37095008,18.01315040976,11.6674517250723,1.54388043200996
2016-10-20,0.37095008,18.01315040976,11.6674517250723,1.54388043200996
2016-10-21,0.37095008,18.01315040976,11.6674517250723,1.54388043200996
2016-11-08,0.37095008,18.01315040976,11.6674517250723,1.54388043200996
2017-09-21,0.37095008,18.01315040976,11.6674517250723,1.54388043200996
2015-07-27,0.3681184,17.8756454448,11.6281792420385,1.53726951337106
2016-02-26,0.3681184,17.8756454448,11.6281792420385,1.53726951337106
2016-11-19,0.3681184,17.8756454448,11.6281792420385,1.53726951337106
2017-09-19,0.3681184,17.8756454448,11.6281792420385,1.53726951337106
2017-10-17,0.3681184,17.8756454448,11.6281792420385,1.53726951337106
2016-10-15,0.36528672,17.73814047984,11.5887372181888,1.53063618113625
2016-11-03,0.36528672,17.73814047984,11.5887372181888,1.53063618113625
2015-06-28,0.36245504,17.60063551488,11.5491235987644,1.52398018467506
2016-03-03,0.36245504,17.60063551488,11.5491235987644,1.52398018467506
2016-04-30,0.36245504,17.60063551488,11.5491235987644,1.52398018467506
2016-06-01,0.36245504,17.60063551488,11.5491235987644,1.52398018467506
2017-09-07,0.36245504,17.60063551488,11.5491235987644,1.52398018467506
2018-07-01,0.36245504,17.60063551488,11.5491235987644,1.52398018467506
2015-07-29,0.35962336,17.46313054992,11.5093362878202,1.51730126857102
2015-10-21,0.35962336,17.46313054992,11.5093362878202,1.51730126857102
2016-03-02,0.35962336,17.46313054992,11.5093362878202,1.51730126857102
2016-05-14,0.35962336,17.46313054992,11.5093362878202,1.51730126857102
2017-09-15,0.35962336,17.46313054992,11.5093362878202,1.51730126857102
2018-06-19,0.35962336,17.46313054992,11.5093362878202,1.51730126857102
2015-11-25,0.35679168,17.32562558496,11.4693731470677,1.51059917249179
2016-09-07,0.35679168,17.32562558496,11.4693731470677,1.51059917249179
2016-11-12,0.35679168,17.32562558496,11.4693731470677,1.51059917249179
2017-08-29,0.35679168,17.32562558496,11.4693731470677,1.51059917249179
2018-06-18,0.35679168,17.32562558496,11.4693731470677,1.51059917249179
2015-07-18,0.35396,17.18812062,11.4292319946758,1.50387363105473
2015-07-25,0.35396,17.18812062,11.4292319946758,1.50387363105473
2015-08-09,0.35396,17.18812062,11.4292319946758,1.50387363105473
2018-07-02,0.35396,17.18812062,11.4292319946758,1.50387363105473
2015-08-02,0.35112832,17.05061565504,11.3889106040281,1.49712437368763
2016-05-18,0.35112832,17.05061565504,11.3889106040281,1.49712437368763
2016-10-13,0.35112832,17.05061565504,11.3889106040281,1.49712437368763
2018-07-09,0.35112832,17.05061565504,11.3889106040281,1.49712437368763
2018-07-13,0.35112832,17.05061565504,11.3889106040281,1.49712437368763
2015-08-03,0.34829664,16.91311069008,11.3484067024339,1.49035112448451
2015-06-19,0.34546496,16.77560572512,11.3077179697918,1.48355360205618
2016-11-09,0.34546496,16.77560572512,11.3077179697918,1.48355360205618
2016-11-14,0.34546496,16.77560572512,11.3077179697918,1.48355360205618
2017-08-30,0.34546496,16.77560572512,11.3077179697918,1.48355360205618
2018-06-20,0.34546496,16.77560572512,11.3077179697918,1.48355360205618
2015-06-20,0.34263328,16.63810076016,11.2668420372028,1.47673151937529
2015-07-31,0.34263328,16.63810076016,11.2668420372028,1.47673151937529
2015-08-04,0.34263328,16.63810076016,11.2668420372028,1.47673151937529
2016-05-11,0.34263328,16.63810076016,11.2668420372028,1.47673151937529
2018-07-10,0.34263328,16.63810076016,11.2668420372028,1.47673151937529
2016-09-30,0.3398016,16.5005957952,11.2257764855316,1.46988458361583
2016-10-05,0.3398016,16.5005957952,11.2257764855316,1.46988458361583
2017-09-08,0.3398016,16.5005957952,11.2257764855316,1.46988458361583
2017-09-09,0.3398016,16.5005957952,11.2257764855316,1.46988458361583
2017-09-18,0.33696992,16.36309083024,11.1845188439121,1.46301249598651
2018-06-21,0.33696992,16.36309083024,11.1845188439121,1.46301249598651
2018-06-23,0.33696992,16.36309083024,11.1845188439121,1.46301249598651
2018-06-30,0.33696992,16.36309083024,11.1845188439121,1.46301249598651
2016-06-06,0.33413824,16.22558586528,11.1430665881967,1.45611495155804
2016-10-10,0.33413824,16.22558586528,11.1430665881967,1.45611495155804
2016-11-10,0.33413824,16.22558586528,11.1430665881967,1.45611495155804
2016-03-01,0.33130656,16.08808090032,11.1014171393447,1.4491916390838
2017-09-26,0.33130656,16.08808090032,11.1014171393447,1.4491916390838
2018-07-11,0.33130656,16.08808090032,11.1014171393447,1.4491916390838
2015-11-14,0.32847488,15.95057593536,11.059567861748,1.44224224081383
2016-05-30,0.32847488,15.95057593536,11.059567861748,1.44224224081383
2016-06-02,0.32847488,15.95057593536,11.059567861748,1.44224224081383
2016-11-04,0.32847488,15.95057593536,11.059567861748,1.44224224081383
2017-09-14,0.32847488,15.95057593536,11.059567861748,1.44224224081383
2017-09-20,0.32847488,15.95057593536,11.059567861748,1.44224224081383
2018-06-27,0.32847488,15.95057593536,11.059567861748,1.44224224081383
2016-04-24,0.3256432,15.8130709704,11.0175160614905,1.4352664323015
2016-11-11,0.3256432,15.8130709704,11.0175160614905,1.4352664323015
2016-11-15,0.3256432,15.8130709704,11.0175160614905,1.4352664323015
2018-07-06,0.3256432,15.8130709704,11.0175160614905,1.4352664323015
2016-06-05,0.32281152,15.67556600544,10.9752589845394,1.42826388220286
2016-11-05,0.32281152,15.67556600544,10.9752589845394,1.42826388220286
2017-08-31,0.32281152,15.67556600544,10.9752589845394,1.42826388220286
2018-06-22,0.32281152,15.67556600544,10.9752589845394,1.42826388220286
2016-08-05,0.31997984,15.53806104048,10.9327938148622,1.42123425206807
2016-10-02,0.31997984,15.53806104048,10.9327938148622,1.42123425206807
2018-07-03,0.31997984,15.53806104048,10.9327938148622,1.42123425206807
2018-07-05,0.31997984,15.53806104048,10.9327938148622,1.42123425206807
2016-10-09,0.31714816,15.40055607552,10.8901176724691,1.41417719612467
2018-06-26,0.31714816,15.40055607552,10.8901176724691,1.41417719612467
2018-06-28,0.31714816,15.40055607552,10.8901176724691,1.41417719612467
2018-06-29,0.31714816,15.40055607552,10.8901176724691,1.41417719612467
2018-07-16,0.31714816,15.40055607552,10.8901176724691,1.41417719612467
2015-07-28,0.31431648,15.26305111056,10.8472276113748,1.4070923610522
2015-08-08,0.31431648,15.26305111056,10.8472276113748,1.4070923610522
2015-08-10,0.31431648,15.26305111056,10.8472276113748,1.4070923610522
2016-09-28,0.31431648,15.26305111056,10.8472276113748,1.4070923610522
2015-06-18,0.3114848,15.1255461456,10.8041206174763,1.39997938574783
2016-09-09,0.3114848,15.1255461456,10.8041206174763,1.39997938574783
2015-08-24,0.30865312,14.98804118064,10.7607936063429,1.39283790108244
2016-08-07,0.30865312,14.98804118064,10.7607936063429,1.39283790108244
2016-10-12,0.30865312,14.98804118064,10.7607936063429,1.39283790108244
2018-07-04,0.30865312,14.98804118064,10.7607936063429,1.39283790108244
2018-07-07,0.30865312,14.98804118064,10.7607936063429,1.39283790108244
2015-09-08,0.30582144,14.85053621568,10.7172434209129,1.38566752964682
2015-10-24,0.30582144,14.85053621568,10.7172434209129,1.38566752964682
2018-07-08,0.30582144,14.85053621568,10.7172434209129,1.38566752964682
2015-09-12,0.30015808,14.57552628576,10.6294605212567,1.37123857383091
2018-07-15,0.30015808,14.57552628576,10.6294605212567,1.37123857383091
2018-07-22,0.30015808,14.57552628576,10.6294605212567,1.37123857383091
2015-06-23,0.2973264,14.4380213208,10.5852211076306,1.36397919079764
2016-05-19,0.2973264,14.4380213208,10.5852211076306,1.36397919079764
2016-05-21,0.2973264,14.4380213208,10.5852211076306,1.36397919079764
2018-07-21,0.2973264,14.4380213208,10.5852211076306,1.36397919079764
2016-06-04,0.29449472,14.30051635584,10.5407451155722,1.35668932310234
2018-07-20,0.29449472,14.30051635584,10.5407451155722,1.35668932310234
2016-03-04,0.29166304,14.16301139088,10.4960289867243,1.34936854774256
2016-10-08,0.29166304,14.16301139088,10.4960289867243,1.34936854774256
2017-09-10,0.29166304,14.16301139088,10.4960289867243,1.34936854774256
2017-09-11,0.29166304,14.16301139088,10.4960289867243,1.34936854774256
2018-07-19,0.29166304,14.16301139088,10.4960289867243,1.34936854774256
2016-04-23,0.28883136,14.02550642592,10.4510690740443,1.34201643167329
2016-06-09,0.28883136,14.02550642592,10.4510690740443,1.34201643167329
2016-10-07,0.28883136,14.02550642592,10.4510690740443,1.34201643167329
2018-07-14,0.28883136,14.02550642592,10.4510690740443,1.34201643167329
2015-08-01,0.28599968,13.88800146096,10.4058616387001,1.3346325314676
2016-09-03,0.28599968,13.88800146096,10.4058616387001,1.3346325314676
2015-06-24,0.283168,13.750496496,10.3604028468262,1.32721639296221
2015-08-23,0.283168,13.750496496,10.3604028468262,1.32721639296221
2016-07-28,0.283168,13.750496496,10.3604028468262,1.32721639296221
2015-06-29,0.276655136,13.434235076592,10.2548721571108,1.31003437885636
2016-07-30,0.274956128,13.351732097616,10.2271141582595,1.30552293550308
2016-05-20,0.27325712,13.26922911864,10.1992599398481,1.30099920944241
2015-08-11,0.272690784,13.241728125648,10.1899536570912,1.29948855227943
2015-09-02,0.272690784,13.241728125648,10.1899536570912,1.29948855227943
2015-10-13,0.272690784,13.241728125648,10.1899536570912,1.29948855227943
2017-09-13,0.270708608,13.145474650176,10.1572961513289,1.29419034892038
2015-08-12,0.27042544,13.13172415368,10.1526198751858,1.29343207124059
2018-07-18,0.269575936,13.090472664192,10.1385745713121,1.29115513942487
2015-07-05,0.268443264,13.035470678208,10.1198088884875,1.28811431340739
2018-07-17,0.268443264,13.035470678208,10.1198088884875,1.28811431340739
2015-09-05,0.268160096,13.021720181712,10.1151105427269,1.28735322532634
2015-09-03,0.267027424,12.966718195728,10.0962893223083,1.28430533058094
2018-07-23,0.264195744,12.829213230768,10.0490397886721,1.2766606064422
2016-06-07,0.26334624,12.78796174128,10.0348096760731,1.27436016766431
2016-09-08,0.262496736,12.746710251792,10.0205538341747,1.2720564614223
2016-07-01,0.258815552,12.567953797344,9.95847800913302,1.26203560281178
2017-09-12,0.257966048,12.526702307856,9.94408272187429,1.25971420976825
2016-08-13,0.257399712,12.499201314864,9.93447111030805,1.25816474536775
2015-08-05,0.255983872,12.430448832384,9.91039014835171,1.25428450810803
2015-08-07,0.2548512,12.3754468464,9.89107162353207,1.25117351460253
2016-05-29,0.25343536,12.30669436392,9.86685572891736,1.2472762045007
2015-08-25,0.253152192,12.292943867424,9.86200346576771,1.24649559393225
2016-10-01,0.252869024,12.279193370928,9.85714816221615,1.24571459907602
2016-05-28,0.250320512,12.155438902464,9.8133127304577,1.23866824958477
2015-08-31,0.248338336,12.059185426992,9.77904542811367,1.23316590720841
2016-05-04,0.246922496,11.990432944512,9.75447490830518,1.22922382365278
2016-08-15,0.240975968,11.701672518096,9.65040742555361,1.21255735660556
2016-08-22,0.238993792,11.605419042624,9.61539919167874,1.20696175075783
2016-06-08,0.238144288,11.564167553136,9.60034589486765,1.20455738572068
2016-05-27,0.237577952,11.536666560144,9.59029365127596,1.20295237869062
2016-09-02,0.230215584,11.179153651248,9.45837399687244,1.18193186851615
2016-08-02,0.229932416,11.165403154752,9.45325330957282,1.18111752526988
2016-10-06,0.229649248,11.151652658256,9.44812908954554,1.18030274063417
2015-08-22,0.22936608,11.13790216176,9.44300132999286,1.17948751382506
2016-07-31,0.229082912,11.124151665264,9.43787002409555,1.17867184405626
2018-08-03,0.228233408,11.082900175776,9.42245475981927,1.17622216909308
2015-09-07,0.22795024,11.06914967928,9.41730919991807,1.17540471957492
2015-07-06,0.227667072,11.055399182784,9.41216005925042,1.17458682312979
2015-10-15,0.227383904,11.041648686288,9.40700733086614,1.17376847895699
2016-08-04,0.224269056,10.890393224832,9.35008851920404,1.16473691157729
2015-06-26,0.223419552,10.849141735344,9.33448847777029,1.16226419489196
2016-06-03,0.223419552,10.849141735344,9.33448847777029,1.16226419489196
2018-07-26,0.222853216,10.821640742352,9.32406998883725,1.16061341831492
2016-07-27,0.222570048,10.807890245856,9.31885518402658,1.15978733786761
2015-09-06,0.221720544,10.766638756368,9.30318843976937,1.15730631772895
2018-07-24,0.221437376,10.752888259872,9.29795872369897,1.15647838191244
2015-08-26,0.220304704,10.697886273888,9.27700232035742,1.1531619702641
2015-08-18,0.219738368,10.670385280896,9.26650148984363,1.15150095131275
2015-08-06,0.218322528,10.601632798416,9.24018292485486,1.14734014300724
2016-06-14,0.217189856,10.546630812432,9.21905917637122,1.14400294115298
2018-07-30,0.217189856,10.546630812432,9.21905917637122,1.14400294115298
2016-08-29,0.21662352,10.51912981944,9.20847416542498,1.14233146886985
2016-06-30,0.216340352,10.505379322944,9.20317584826509,1.14149501173819
2016-08-12,0.216340352,10.505379322944,9.20317584826509,1.14149501173819
2016-07-26,0.214641344,10.422876343968,9.17130408108153,1.13646611777579
2015-10-11,0.214358176,10.409125847472,9.16597840105707,1.13562626836122
2018-07-25,0.214358176,10.409125847472,9.16597840105707,1.13562626836122
2015-10-14,0.21379184,10.38162485448,9.1553152092847,1.1339451037089
2016-07-29,0.212942336,10.340373364992,9.13929071986814,1.13141967817183
2018-07-27,0.212092832,10.299121875504,9.12323039092003,1.12888981579971
2015-10-09,0.208411648,10.120365421056,9.0532159700332,1.11787517878234
2015-08-27,0.205579968,9.982860456096,8.99888611498374,1.10934401530806
2016-06-11,0.203597792,9.886606980624,8.96060543477309,1.10334140394771
2016-08-14,0.201615616,9.790353505152,8.92211547343943,1.09731302338523
2018-07-28,0.201615616,9.790353505152,8.92211547343943,1.09731302338523
2018-08-06,0.201615616,9.790353505152,8.92211547343943,1.09731302338523
2018-08-11,0.201615616,9.790353505152,8.92211547343943,1.09731302338523
2016-08-01,0.201332448,9.776603008656,8.91659963669285,1.09644970134401
2018-07-29,0.200766112,9.749102015664,8.90555491530648,1.09472145288865
2018-08-02,0.200766112,9.749102015664,8.90555491530648,1.09472145288865
2018-08-05,0.19963344,9.69410002968,8.88341301226608,1.09125850799626
2018-08-09,0.195669088,9.501593078736,8.80535730236466,1.07906956554555
2018-07-31,0.194819584,9.460341589248,8.78851615478805,1.07644355686755
2015-08-28,0.194253248,9.432840596256,8.77726586586381,1.07469008463579
2015-07-13,0.19397008,9.41909009976,8.77163383306166,1.07381250506126
2016-08-03,0.19397008,9.41909009976,8.77163383306166,1.07381250506126
2015-06-25,0.193403744,9.391589106768,8.76035593842501,1.07205565307846
2016-06-24,0.191987904,9.322836624288,8.732080039259,1.06765359254301
2018-08-04,0.190855232,9.267834638304,8.70937513295054,1.06412165015612
2015-08-19,0.18689088,9.07532768736,8.62930807835794,1.05168660163156
2015-09-01,0.184342368,8.951573218896,8.57733312613163,1.04363128810098
2018-08-01,0.1840592,8.9378227224,8.57153335484038,1.04273323714628
2018-08-07,0.182926528,8.882820736416,8.54828416041143,1.03913493862942
2016-06-13,0.17981168,8.73156527496,8.48393010029237,1.02918873349264
2018-08-10,0.178679008,8.676563288976,8.46037397454533,1.02555316290759
2016-06-12,0.176413664,8.566559317008,8.41300957273569,1.01825146434754
2016-09-01,0.176413664,8.566559317008,8.41300957273569,1.01825146434754
2015-10-10,0.175847328,8.539058324016,8.40111532820745,1.01641960506665
2016-07-25,0.17556416,8.52530782752,8.39516016099944,1.01550270203601
2016-06-25,0.174997824,8.497806834528,8.38323366913462,1.01366694164988
2016-06-15,0.173865152,8.442804848544,8.35931567372941,1.00998756095274
2016-08-28,0.173015648,8.401553359056,8.34131985785928,1.00722109956495
2015-08-21,0.172449312,8.374052366064,8.32929514327032,1.00537347062672
2016-06-10,0.17131664,8.31905038008,8.30517919576476,1.00167018483145
2016-07-17,0.170750304,8.291549387088,8.29308773412526,0.999814502500566
2016-06-16,0.16706912,8.11279293264,8.21394002860168,0.987685922272444
2016-08-30,0.16706912,8.11279293264,8.21394002860168,0.987685922272444
2015-07-07,0.166785952,8.099042436144,8.20781146875767,0.986748107820496
2016-08-18,0.165936448,8.057790946656,8.18939074973234,0.983930452569913
2016-07-15,0.165370112,8.030289953664,8.17708091522158,0.982048488564626
2015-08-29,0.165086944,8.016539457168,8.17091714438528,0.981106443194891
2018-08-08,0.164803776,8.002788960672,8.16474745009764,0.980163686578731
2015-07-04,0.163671104,7.947786974688,8.14000911968162,0.976385512329605
2015-08-17,0.156875072,7.617775058784,7.98952461347817,0.95347037869224
2016-08-21,0.155459232,7.549022576304,7.95771670351688,0.948641784768203
2016-06-18,0.155176064,7.535272079808,7.95133567834681,0.947673747484735
2015-07-12,0.153760224,7.466519597328,7.91933231747043,0.942821856440662
2016-08-26,0.152627552,7.411517611344,7.89361061525034,0.938926173660639
2015-06-27,0.150928544,7.329014632368,7.85482682333175,0.933058716278518
2015-08-30,0.150928544,7.329014632368,7.85482682333175,0.933058716278518
2016-08-27,0.150928544,7.329014632368,7.85482682333175,0.933058716278518
2016-07-16,0.149229536,7.246511653392,7.81579776181647,0.927162123973361
2015-07-03,0.147530528,7.164008674416,7.77651906038806,0.921235917868181
2015-08-13,0.14724736,7.15025817792,7.76994802559982,0.920245303361347
2015-08-14,0.146964192,7.136507681424,7.76336991049519,0.919253850286878
2016-06-20,0.146681024,7.122757184928,7.75678469378079,0.918261556317125
2015-07-10,0.143566176,6.971501723472,7.68387240690075,0.907290146724849
2016-08-31,0.143283008,6.957751226976,7.67720027091981,0.906287576387842
2016-06-17,0.140734496,6.833996758512,7.61681580979042,0.897224894125415
2016-07-05,0.140451328,6.820246262016,7.61006874933482,0.896213488559106
2016-08-25,0.139601824,6.778994772528,7.58978173996153,0.893173875717058
2016-06-19,0.139035488,6.751493779536,7.57621863513402,0.891142944083816
2016-07-07,0.139035488,6.751493779536,7.57621863513402,0.891142944083816
2015-07-02,0.135637472,6.586487821584,7.49418256086947,0.878880087065806
2015-07-14,0.133655296,6.490234346112,7.44579580636975,0.87166429417252
2016-06-26,0.13308896,6.46273335312,7.43189730763928,0.869594006160033
2016-06-27,0.130540448,6.338978884656,7.36894049767016,0.860229348664194
2015-07-09,0.12884144,6.25647590568,7.32658608977079,0.853941498676327
2016-08-23,0.126576096,6.146471933712,7.26962406519975,0.845500658436471
2016-06-21,0.125726592,6.105220444224,7.24811623624902,0.842318230727425
2016-08-24,0.125443424,6.091469947728,7.24092888333955,0.841255320397317
2016-07-08,0.125160256,6.077719451232,7.23373243908234,0.840191353829368
2015-08-20,0.123744416,6.008966968752,7.19761271725829,0.834855556251842
2016-08-19,0.122611744,5.953964982768,7.16854997013097,0.830567549584818
2015-07-08,0.122328576,5.940214486272,7.16126081520535,0.829492828086818
2016-08-16,0.1203464,5.8439610108,7.10997005746108,0.821938906010926
2015-08-16,0.120063232,5.830210514304,7.10260429180062,0.820855319369898
2016-06-23,0.11893056,5.77520852832,7.07304352072863,0.816509683758466
2016-08-20,0.117797888,5.720206542336,7.04332466797555,0.812145799318967
2016-06-29,0.117231552,5.692705549344,7.02840522023022,0.809956934890207
2016-07-24,0.116665216,5.665204556352,7.01344535584746,0.807763412832273
2015-09-04,0.114399872,5.555200584384,6.95319554431884,0.79894209057919
2016-07-04,0.113833536,5.527699591392,6.93802892178484,0.79672478361044
2016-07-11,0.112700864,5.472697605408,6.90756840297438,0.792275557206421
2016-07-06,0.111001856,5.390194626432,6.86155441830733,0.785564654570167
2016-08-17,0.111001856,5.390194626432,6.86155441830733,0.785564654570167
2016-06-28,0.109302848,5.307691647456,6.81514431302396,0.778808401358843
2016-07-09,0.109302848,5.307691647456,6.81514431302396,0.778808401358843
2015-07-15,0.10477216,5.08768370352,6.68937281843676,0.760562139622074
2015-06-30,0.10335632,5.01893122104,6.64944660377983,0.754789311066431
2016-06-22,0.10335632,5.01893122104,6.64944660377983,0.754789311066431
2016-07-19,0.099391968,4.826424270096,6.53599594061756,0.738437464457784
2016-07-10,0.098259296,4.771422284112,6.50311765621198,0.733713049087185
2015-07-17,0.09627712,4.67516880864,6.44506595530507,0.725387271606084
2016-07-12,0.08778208,4.26265391376,6.18836309979504,0.688817680058428
2016-07-03,0.085516736,4.152649941792,6.11758056471572,0.678805926274707
2016-07-02,0.083817728,4.070146962816,6.06380176934885,0.671220319798328
2015-07-11,0.083251392,4.042645969824,6.04574002410551,0.668676779634124
2015-08-15,0.081835552,3.973893487344,6.00028243680773,0.662284405641777
2016-07-18,0.081552384,3.960142990848,5.99113819185706,0.66100010783101
2015-07-01,0.075322688,3.657632067936,5.78528239223933,0.63223051528868
2016-07-21,0.073340512,3.561378592464,5.7177944495979,0.622858800514323
2016-07-13,0.068809824,3.341370648528,5.55959816529538,0.601009380387562
2016-07-22,0.06654448,3.23136667656,5.4783087133606,0.589847495939629
2016-07-14,0.065978144,3.203865683568,5.45774509243555,0.587031022758568
2016-07-20,0.059748448,2.901354760656,5.22469475935108,0.555315648911967
2015-07-16,0.058615776,2.846352774672,5.18088073141675,0.549395541459153
2016-07-23,0.057199936,2.777600292192,5.12544107639745,0.541924148729909
